<application>
  <component name="ProjectManager">
    <defaultProject>
      <component name="ProjectViewState">
        <option name="hideEmptyMiddlePackages" value="true" />
        <option name="showExcludedFiles" value="false" />
        <option name="showLibraryContents" value="true" />
      </component>
      <component name="PropertiesComponent">
        <property name="settings.editor.selected.configurable" value="preferences.pluginManager" />
      </component>
    </defaultProject>
  </component>
</application>